{
  "num_sensors": 3,
  "sensor_labels": [
    "A",
    "B",
    "C"
  ],
  "regressions": [
    {
      "sensor_i": "A",
      "sensor_j": "B",
      "slope": -0.0003361790172515024,
      "intercept": -0.1240069433391632,
      "r_squared": 0.9887285240270791,
      "p_value": 4.498360229743375e-11
    },
    {
      "sensor_i": "A",
      "sensor_j": "C",
      "slope": 0.0002316722243892881,
      "intercept": -0.24654504224649107,
      "r_squared": 0.7313478308116448,
      "p_value": 0.00039125323513788333
    },
    {
      "sensor_i": "B",
      "sensor_j": "C",
      "slope": 0.0005678512416407907,
      "intercept": -0.12253809890732792,
      "r_squared": 0.9312258677980508,
      "p_value": 3.899951163508476e-07
    }
  ]
}